image_idx,trialidx,target_location,fixations_count,found,sloc_fixation_index
1,1,"(111, 194)",1,True,-1
2,2,"(111, 28)",3,True,-1
3,3,"(111, 28)",5,True,-1
4,4,"(111, 28)",4,True,-1
5,5,"(180, 153)",4,True,-1
6,6,"(42, 153)",5,True,-1
7,7,"(42, 70)",4,True,-1
8,8,"(42, 153)",5,True,-1
9,9,"(180, 70)",5,True,-1
10,10,"(180, 153)",4,True,-1
11,11,"(42, 70)",4,True,-1
12,12,"(111, 194)",2,True,-1
13,13,"(42, 70)",5,True,-1
14,14,"(111, 28)",4,True,-1
15,15,"(42, 70)",5,True,-1
16,16,"(180, 70)",4,True,-1
17,17,"(42, 70)",5,True,-1
18,18,"(180, 153)",5,True,-1
19,19,"(111, 28)",3,True,-1
20,20,"(180, 70)",4,True,-1
21,21,"(42, 70)",3,True,-1
22,22,"(111, 28)",3,True,-1
23,23,"(111, 194)",4,True,-1
24,24,"(111, 194)",2,True,-1
25,25,"(180, 153)",5,True,-1
26,26,"(42, 153)",5,True,-1
27,27,"(42, 153)",4,True,-1
28,28,"(42, 70)",5,True,-1
29,29,"(42, 70)",6,True,-1
30,30,"(111, 28)",4,True,-1
31,31,"(42, 153)",5,True,-1
32,32,"(42, 153)",5,True,-1
33,33,"(111, 194)",5,True,-1
34,34,"(111, 28)",4,True,-1
35,35,"(180, 70)",5,True,-1
36,36,"(180, 70)",5,True,-1
37,37,"(111, 28)",2,True,-1
38,38,"(111, 28)",5,True,-1
39,39,"(180, 153)",4,True,-1
40,40,"(42, 153)",4,True,-1
41,41,"(42, 70)",5,True,-1
42,42,"(180, 70)",6,True,-1
43,43,"(180, 153)",4,True,-1
44,44,"(111, 194)",6,True,-1
45,45,"(180, 153)",4,True,-1
46,46,"(42, 70)",4,True,-1
47,47,"(42, 153)",5,True,-1
48,48,"(180, 70)",6,True,-1
49,49,"(180, 153)",6,True,-1
50,50,"(111, 28)",3,True,-1
51,51,"(180, 70)",6,True,-1
52,52,"(111, 194)",4,True,-1
53,53,"(180, 70)",5,True,-1
54,54,"(42, 153)",6,True,-1
55,55,"(111, 194)",5,True,-1
56,56,"(180, 153)",3,True,-1
57,57,"(42, 153)",6,True,-1
58,58,"(111, 28)",5,True,-1
59,59,"(180, 153)",4,True,-1
60,60,"(111, 28)",3,True,-1
61,61,"(180, 153)",5,True,-1
62,62,"(180, 70)",5,True,-1
63,63,"(42, 70)",5,True,-1
64,64,"(180, 70)",6,True,-1
65,65,"(111, 194)",2,True,-1
66,66,"(111, 28)",3,True,-1
67,67,"(111, 194)",2,True,-1
68,68,"(42, 153)",3,True,-1
69,69,"(180, 70)",4,True,-1
70,70,"(180, 153)",2,True,-1
71,71,"(111, 28)",4,True,-1
72,72,"(42, 70)",5,True,-1
73,73,"(180, 153)",5,True,-1
74,74,"(111, 28)",6,True,-1
75,75,"(180, 70)",5,True,-1
76,76,"(42, 153)",5,True,-1
77,77,"(180, 70)",5,True,-1
78,78,"(42, 153)",6,True,-1
79,79,"(111, 28)",3,True,-1
80,80,"(42, 70)",6,True,-1
81,81,"(180, 70)",5,True,-1
82,82,"(111, 194)",2,True,-1
83,83,"(180, 153)",4,True,-1
84,84,"(42, 153)",4,True,-1
85,85,"(42, 153)",5,True,-1
86,86,"(180, 70)",5,True,-1
87,87,"(42, 70)",6,True,-1
88,88,"(111, 28)",5,True,-1
89,89,"(180, 70)",6,True,-1
90,90,"(111, 194)",4,True,-1
91,91,"(180, 70)",5,True,-1
92,92,"(180, 70)",5,True,-1
93,93,"(111, 194)",4,True,-1
94,94,"(111, 194)",2,True,-1
95,95,"(42, 70)",4,True,-1
96,96,"(180, 153)",5,True,-1
97,97,"(42, 153)",3,True,-1
98,98,"(42, 70)",6,True,-1
99,99,"(42, 70)",4,True,-1
100,100,"(180, 70)",5,True,-1
101,101,"(42, 153)",4,True,-1
102,102,"(180, 70)",5,True,-1
103,103,"(42, 153)",5,True,-1
104,104,"(42, 153)",2,True,-1
105,105,"(180, 70)",6,True,-1
106,106,"(42, 153)",3,True,-1
107,107,"(42, 153)",6,True,-1
108,108,"(180, 153)",6,True,-1
109,109,"(180, 153)",6,True,-1
110,110,"(180, 153)",5,True,-1
111,111,"(42, 153)",4,True,-1
112,112,"(180, 70)",5,True,-1
113,113,"(42, 70)",5,True,-1
114,114,"(111, 194)",5,True,-1
115,115,"(42, 70)",4,True,-1
116,116,"(42, 70)",5,True,-1
117,117,"(111, 194)",4,True,-1
118,118,"(111, 28)",2,True,-1
119,119,"(180, 70)",5,True,-1
120,120,"(180, 153)",6,True,-1
121,121,"(42, 70)",5,True,-1
122,122,"(42, 70)",4,True,-1
123,123,"(42, 70)",5,True,-1
124,124,"(180, 153)",5,True,-1
125,125,"(42, 70)",5,True,-1
126,126,"(180, 153)",4,True,-1
127,127,"(111, 28)",5,True,-1
128,128,"(42, 153)",6,True,-1
129,129,"(42, 153)",5,True,-1
130,130,"(42, 70)",4,True,-1
131,131,"(180, 153)",6,True,-1
132,132,"(111, 28)",4,True,-1
133,133,"(180, 70)",5,True,-1
134,134,"(180, 153)",6,True,-1
135,135,"(42, 153)",5,True,-1
136,136,"(180, 153)",6,True,-1
137,137,"(42, 153)",5,True,-1
138,138,"(180, 153)",5,True,-1
139,139,"(111, 194)",4,True,-1
140,140,"(180, 70)",4,True,-1
141,141,"(42, 153)",5,True,-1
142,142,"(42, 70)",5,True,-1
143,143,"(111, 194)",2,True,-1
144,144,"(180, 70)",5,True,-1
145,145,"(111, 28)",2,True,-1
146,146,"(42, 70)",5,True,-1
147,147,"(180, 70)",6,True,-1
148,148,"(180, 70)",5,True,-1
149,149,"(42, 153)",6,True,-1
150,150,"(180, 153)",5,True,-1
151,151,"(180, 70)",5,True,-1
152,152,"(111, 28)",6,True,-1
153,153,"(180, 153)",3,True,-1
154,154,"(111, 28)",5,True,-1
155,155,"(111, 194)",1,True,-1
156,156,"(42, 153)",5,True,-1
157,157,"(180, 70)",6,True,-1
158,158,"(42, 153)",6,True,-1
159,159,"(180, 153)",4,True,-1
160,160,"(180, 153)",5,True,-1
161,161,"(42, 70)",5,True,-1
162,162,"(180, 70)",5,True,-1
163,163,"(42, 153)",5,True,-1
164,164,"(111, 194)",5,True,-1
165,165,"(111, 194)",1,True,-1
166,166,"(111, 28)",5,True,-1
167,167,"(111, 194)",2,True,-1
168,168,"(111, 28)",5,True,-1
169,169,"(180, 70)",5,True,-1
170,170,"(42, 70)",5,True,-1
171,171,"(111, 194)",5,True,-1
172,172,"(42, 70)",4,True,-1
173,173,"(180, 153)",6,True,-1
174,174,"(180, 70)",4,True,-1
175,175,"(111, 28)",3,True,-1
176,176,"(180, 70)",5,True,-1
177,177,"(42, 70)",5,True,-1
178,178,"(180, 153)",4,True,-1
179,179,"(111, 194)",4,True,-1
180,180,"(111, 28)",5,True,-1
181,181,"(111, 194)",3,True,-1
182,182,"(42, 153)",2,True,-1
183,183,"(42, 70)",4,True,-1
184,184,"(42, 70)",5,True,-1
185,185,"(180, 153)",4,True,-1
186,186,"(111, 28)",3,True,-1
187,187,"(111, 28)",2,True,-1
188,188,"(111, 194)",5,True,-1
189,189,"(42, 153)",5,True,-1
190,190,"(180, 70)",5,True,-1
191,191,"(42, 153)",3,True,-1
192,192,"(180, 70)",5,True,-1
193,193,"(111, 194)",2,True,-1
194,194,"(180, 153)",5,True,-1
195,195,"(180, 70)",4,True,-1
196,196,"(111, 28)",5,True,-1
197,197,"(42, 153)",5,True,-1
198,198,"(111, 194)",1,True,-1
199,199,"(111, 28)",5,True,-1
200,200,"(42, 153)",6,True,-1
201,201,"(42, 70)",4,True,-1
202,202,"(180, 153)",5,True,-1
203,203,"(180, 70)",5,True,-1
204,204,"(42, 153)",2,True,-1
205,205,"(180, 70)",5,True,-1
206,206,"(42, 70)",5,True,-1
207,207,"(111, 28)",4,True,-1
208,208,"(42, 153)",6,True,-1
209,209,"(111, 28)",4,True,-1
210,210,"(42, 70)",4,True,-1
211,211,"(42, 70)",5,True,-1
212,212,"(42, 70)",5,True,-1
213,213,"(42, 153)",4,True,-1
214,214,"(180, 70)",4,True,-1
215,215,"(180, 70)",5,True,-1
216,216,"(180, 153)",6,True,-1
217,217,"(42, 70)",5,True,-1
218,218,"(180, 153)",6,True,-1
219,219,"(180, 70)",5,True,-1
220,220,"(111, 28)",3,True,-1
221,221,"(111, 194)",2,True,-1
222,222,"(180, 153)",5,True,-1
223,223,"(111, 28)",3,True,-1
224,224,"(180, 70)",5,True,-1
225,225,"(42, 153)",5,True,-1
226,226,"(42, 153)",4,True,-1
227,227,"(42, 70)",5,True,-1
228,228,"(42, 153)",3,True,-1
229,229,"(111, 28)",4,True,-1
230,230,"(42, 153)",6,True,-1
231,231,"(42, 70)",4,True,-1
232,232,"(180, 70)",4,True,-1
233,233,"(180, 70)",5,True,-1
234,234,"(180, 70)",6,True,-1
235,235,"(42, 153)",6,True,-1
236,236,"(42, 70)",5,True,-1
237,237,"(42, 70)",5,True,-1
238,238,"(42, 153)",6,True,-1
239,239,"(42, 70)",5,True,-1
240,240,"(42, 153)",3,True,-1
241,241,"(111, 194)",5,True,-1
242,242,"(180, 70)",5,True,-1
243,243,"(111, 28)",5,True,-1
244,244,"(42, 153)",5,True,-1
245,245,"(42, 70)",5,True,-1
246,246,"(42, 70)",5,True,-1
247,247,"(180, 153)",6,True,-1
248,248,"(42, 70)",4,True,-1
249,249,"(111, 28)",4,True,-1
250,250,"(180, 153)",4,True,-1
251,251,"(42, 153)",2,True,-1
252,252,"(42, 153)",5,True,-1
253,253,"(42, 70)",6,True,-1
254,254,"(180, 153)",3,True,-1
255,255,"(180, 70)",4,True,-1
256,256,"(111, 28)",4,True,-1
257,257,"(180, 70)",5,True,-1
258,258,"(180, 70)",6,True,-1
259,259,"(42, 70)",4,True,-1
260,260,"(111, 28)",2,True,-1
261,261,"(180, 70)",5,True,-1
262,262,"(111, 194)",4,True,-1
263,263,"(111, 28)",5,True,-1
264,264,"(180, 153)",5,True,-1
265,265,"(111, 28)",2,True,-1
266,266,"(42, 70)",4,True,-1
267,267,"(111, 28)",5,True,-1
268,268,"(180, 153)",4,True,-1
269,269,"(180, 70)",4,True,-1
270,270,"(180, 70)",5,True,-1
271,271,"(42, 70)",5,True,-1
272,272,"(111, 28)",4,True,-1
273,273,"(180, 153)",3,True,-1
274,274,"(42, 153)",3,True,-1
275,275,"(111, 194)",1,True,-1
276,276,"(180, 70)",4,True,-1
277,277,"(42, 70)",3,True,-1
278,278,"(180, 70)",6,True,-1
279,279,"(111, 28)",4,True,-1
280,280,"(42, 70)",6,True,-1
281,281,"(111, 28)",2,True,-1
282,282,"(180, 70)",5,True,-1
283,283,"(42, 153)",4,True,-1
284,284,"(180, 70)",5,True,-1
285,285,"(42, 70)",4,True,-1
286,286,"(42, 153)",6,True,-1
287,287,"(42, 153)",5,True,-1
288,288,"(111, 28)",2,True,-1
289,289,"(42, 70)",4,True,-1
290,290,"(42, 153)",6,True,-1
291,291,"(42, 70)",5,True,-1
292,292,"(180, 153)",5,True,-1
293,293,"(180, 153)",5,True,-1
294,294,"(111, 194)",2,True,-1
295,295,"(180, 153)",6,True,-1
296,296,"(180, 70)",5,True,-1
297,297,"(180, 70)",6,True,-1
298,298,"(111, 194)",2,True,-1
299,299,"(42, 153)",4,True,-1
300,300,"(42, 153)",4,True,-1
301,301,"(42, 153)",5,True,-1
302,302,"(111, 194)",5,True,-1
303,303,"(111, 194)",5,True,-1
304,304,"(42, 153)",3,True,-1
305,305,"(42, 153)",4,True,-1
306,306,"(42, 70)",4,True,-1
307,307,"(180, 153)",6,True,-1
308,308,"(180, 153)",4,True,-1
309,309,"(180, 70)",5,True,-1
310,310,"(180, 153)",5,True,-1
311,311,"(180, 153)",4,True,-1
312,312,"(42, 70)",4,True,-1
313,313,"(111, 194)",1,True,-1
314,314,"(180, 153)",5,True,-1
315,315,"(180, 153)",6,True,-1
316,316,"(111, 194)",4,True,-1
317,317,"(42, 153)",3,True,-1
318,318,"(180, 70)",5,True,-1
319,319,"(180, 70)",5,True,-1
320,320,"(42, 70)",4,True,-1
321,321,"(180, 153)",5,True,-1
322,322,"(111, 194)",1,True,-1
323,323,"(111, 194)",1,True,-1
324,324,"(180, 70)",6,True,-1
325,325,"(111, 28)",4,True,-1
326,326,"(180, 70)",5,True,-1
327,327,"(42, 70)",5,True,-1
328,328,"(111, 28)",3,True,-1
329,329,"(180, 153)",5,True,-1
330,330,"(111, 194)",2,True,-1
331,331,"(42, 153)",5,True,-1
332,332,"(180, 153)",6,True,-1
333,333,"(180, 70)",4,True,-1
334,334,"(180, 70)",5,True,-1
335,335,"(180, 153)",4,True,-1
336,336,"(180, 153)",5,True,-1
337,337,"(180, 70)",6,True,-1
338,338,"(42, 153)",6,True,-1
339,339,"(180, 153)",4,True,-1
340,340,"(180, 153)",5,True,-1
341,341,"(42, 70)",4,True,-1
342,342,"(111, 194)",1,True,-1
343,343,"(180, 153)",5,True,-1
344,344,"(111, 28)",3,True,-1
345,345,"(111, 28)",5,True,-1
346,346,"(42, 70)",6,True,-1
347,347,"(180, 153)",4,True,-1
348,348,"(42, 70)",5,True,-1
349,349,"(42, 70)",5,True,-1
350,350,"(111, 194)",5,True,-1
351,351,"(42, 70)",4,True,-1
352,352,"(111, 28)",4,True,-1
353,353,"(180, 70)",5,True,-1
354,354,"(180, 153)",4,True,-1
355,355,"(42, 70)",6,True,-1
356,356,"(111, 194)",1,True,-1
357,357,"(111, 194)",1,True,-1
358,358,"(111, 194)",5,True,-1
359,359,"(180, 153)",3,True,-1
360,360,"(42, 70)",6,True,-1
361,361,"(111, 194)",5,True,-1
362,362,"(111, 28)",4,True,-1
363,363,"(111, 194)",4,True,-1
364,364,"(111, 28)",5,True,-1
365,365,"(111, 28)",4,True,-1
366,366,"(111, 194)",5,True,-1
367,367,"(111, 28)",4,True,-1
368,368,"(180, 153)",6,True,-1
369,369,"(42, 70)",5,True,-1
370,370,"(180, 70)",6,True,-1
371,371,"(42, 70)",5,True,-1
372,372,"(180, 70)",6,True,-1
373,373,"(180, 70)",5,True,-1
374,374,"(180, 70)",4,True,-1
375,375,"(42, 70)",5,True,-1
376,376,"(42, 70)",5,True,-1
377,377,"(42, 153)",4,True,-1
378,378,"(111, 194)",3,True,-1
379,379,"(111, 28)",4,True,-1
380,380,"(42, 70)",4,True,-1
381,381,"(42, 153)",3,True,-1
382,382,"(111, 28)",2,True,-1
383,383,"(111, 28)",4,True,-1
384,384,"(180, 70)",5,True,-1
385,385,"(111, 28)",5,True,-1
386,386,"(111, 194)",1,True,-1
387,387,"(42, 153)",6,True,-1
388,388,"(42, 70)",4,True,-1
389,389,"(42, 153)",5,True,-1
390,390,"(111, 194)",6,True,-1
391,391,"(42, 153)",5,True,-1
392,392,"(111, 28)",4,True,-1
393,393,"(42, 153)",3,True,-1
394,394,"(42, 70)",6,True,-1
395,395,"(111, 28)",3,True,-1
396,396,"(42, 70)",5,True,-1
397,397,"(42, 153)",5,True,-1
398,398,"(111, 194)",1,True,-1
399,399,"(180, 153)",6,True,-1
400,400,"(111, 28)",5,True,-1
401,401,"(111, 28)",5,True,-1
402,402,"(111, 28)",3,True,-1
403,403,"(180, 153)",6,True,-1
404,404,"(42, 70)",3,True,-1
405,405,"(180, 70)",5,True,-1
406,406,"(180, 153)",4,True,-1
407,407,"(180, 153)",3,True,-1
408,408,"(42, 153)",6,True,-1
409,409,"(42, 153)",5,True,-1
410,410,"(42, 70)",6,True,-1
411,411,"(42, 153)",5,True,-1
412,412,"(111, 28)",4,True,-1
413,413,"(180, 153)",3,True,-1
414,414,"(42, 153)",6,True,-1
415,415,"(42, 153)",5,True,-1
416,416,"(42, 70)",4,True,-1
417,417,"(180, 153)",5,True,-1
418,418,"(180, 153)",5,True,-1
419,419,"(180, 70)",5,True,-1
420,420,"(111, 28)",5,True,-1
421,421,"(180, 153)",6,True,-1
422,422,"(180, 153)",4,True,-1
423,423,"(42, 70)",5,True,-1
424,424,"(42, 153)",6,True,-1
425,425,"(180, 153)",4,True,-1
426,426,"(180, 70)",5,True,-1
427,427,"(42, 70)",6,True,-1
428,428,"(111, 28)",6,True,-1
429,429,"(42, 153)",4,True,-1
430,430,"(111, 28)",5,True,-1
431,431,"(180, 153)",5,True,-1
432,432,"(42, 70)",5,True,-1
433,433,"(180, 70)",5,True,-1
434,434,"(111, 28)",4,True,-1
435,435,"(42, 70)",4,True,-1
436,436,"(180, 70)",5,True,-1
437,437,"(42, 153)",6,True,-1
438,438,"(42, 70)",5,True,-1
439,439,"(111, 28)",4,True,-1
440,440,"(111, 28)",4,True,-1
441,441,"(42, 153)",6,True,-1
442,442,"(42, 70)",5,True,-1
443,443,"(111, 28)",2,True,-1
444,444,"(180, 153)",6,True,-1
445,445,"(111, 28)",5,True,-1
446,446,"(42, 153)",3,True,-1
447,447,"(111, 194)",5,True,-1
448,448,"(180, 153)",5,True,-1
449,449,"(180, 70)",5,True,-1
450,450,"(42, 70)",6,True,-1
451,451,"(180, 153)",5,True,-1
452,452,"(180, 153)",6,True,-1
453,453,"(42, 70)",4,True,-1
454,454,"(111, 194)",5,True,-1
455,455,"(180, 153)",4,True,-1
456,456,"(111, 28)",3,True,-1
457,457,"(42, 70)",5,True,-1
458,458,"(42, 153)",3,True,-1
459,459,"(42, 153)",4,True,-1
460,460,"(111, 194)",2,True,-1
461,461,"(111, 28)",4,True,-1
462,462,"(111, 28)",4,True,-1
463,463,"(42, 70)",6,True,-1
464,464,"(42, 70)",6,True,-1
465,465,"(111, 28)",5,True,-1
466,466,"(42, 70)",5,True,-1
467,467,"(180, 70)",5,True,-1
468,468,"(180, 70)",6,True,-1
469,469,"(180, 70)",4,True,-1
470,470,"(111, 28)",4,True,-1
471,471,"(42, 153)",6,True,-1
472,472,"(42, 70)",6,True,-1
473,473,"(111, 194)",1,True,-1
474,474,"(42, 70)",5,True,-1
475,475,"(42, 70)",6,True,-1
476,476,"(111, 194)",1,True,-1
477,477,"(42, 70)",4,True,-1
478,478,"(180, 70)",5,True,-1
479,479,"(180, 70)",5,True,-1
480,480,"(111, 28)",4,True,-1
481,481,"(180, 70)",5,True,-1
482,482,"(111, 194)",2,True,-1
483,483,"(42, 70)",5,True,-1
484,484,"(111, 28)",4,True,-1
485,485,"(111, 194)",2,True,-1
486,486,"(180, 153)",3,True,-1
487,487,"(42, 153)",5,True,-1
488,488,"(180, 70)",5,True,-1
489,489,"(42, 153)",5,True,-1
490,490,"(111, 194)",2,True,-1
491,491,"(42, 153)",3,True,-1
492,492,"(111, 28)",4,True,-1
493,493,"(180, 153)",3,True,-1
494,494,"(42, 70)",6,True,-1
495,495,"(111, 194)",2,True,-1
496,496,"(111, 194)",5,True,-1
497,497,"(180, 153)",3,True,-1
498,498,"(180, 70)",5,True,-1
499,499,"(111, 194)",4,True,-1
500,500,"(180, 70)",6,True,-1
501,501,"(111, 194)",2,True,-1
502,502,"(111, 194)",2,True,-1
503,503,"(42, 153)",5,True,-1
504,504,"(180, 70)",5,True,-1
505,505,"(42, 153)",5,True,-1
506,506,"(111, 194)",1,True,-1
507,507,"(180, 153)",5,True,-1
508,508,"(42, 70)",5,True,-1
509,509,"(180, 153)",4,True,-1
510,510,"(180, 153)",6,True,-1
511,511,"(111, 194)",4,True,-1
512,512,"(42, 153)",3,True,-1
513,513,"(180, 153)",4,True,-1
514,514,"(111, 28)",3,True,-1
515,515,"(111, 28)",3,True,-1
516,516,"(111, 194)",3,True,-1
517,517,"(180, 153)",5,True,-1
518,518,"(42, 153)",5,True,-1
519,519,"(180, 153)",4,True,-1
520,520,"(111, 194)",3,True,-1
521,521,"(180, 153)",6,True,-1
522,522,"(180, 70)",5,True,-1
523,523,"(111, 28)",3,True,-1
524,524,"(111, 28)",5,True,-1
525,525,"(42, 70)",4,True,-1
526,526,"(111, 194)",2,True,-1
527,527,"(180, 153)",5,True,-1
528,528,"(180, 153)",4,True,-1
529,529,"(111, 194)",5,True,-1
530,530,"(42, 70)",5,True,-1
531,531,"(111, 194)",6,True,-1
532,532,"(42, 153)",3,True,-1
533,533,"(42, 70)",3,True,-1
534,534,"(180, 153)",5,True,-1
535,535,"(42, 70)",5,True,-1
536,536,"(111, 194)",4,True,-1
537,537,"(42, 70)",5,True,-1
538,538,"(180, 153)",6,True,-1
539,539,"(180, 70)",5,True,-1
540,540,"(111, 28)",6,True,-1
541,541,"(42, 153)",5,True,-1
542,542,"(180, 70)",4,True,-1
543,543,"(42, 153)",4,True,-1
544,544,"(111, 28)",4,True,-1
545,545,"(180, 153)",6,True,-1
546,546,"(180, 70)",5,True,-1
547,547,"(42, 70)",5,True,-1
548,548,"(42, 70)",4,True,-1
549,549,"(111, 28)",3,True,-1
550,550,"(42, 153)",4,True,-1
551,551,"(111, 28)",4,True,-1
552,552,"(180, 153)",5,True,-1
553,553,"(111, 194)",1,True,-1
554,554,"(111, 194)",4,True,-1
555,555,"(111, 194)",5,True,-1
556,556,"(180, 153)",5,True,-1
557,557,"(180, 153)",5,True,-1
558,558,"(42, 70)",5,True,-1
559,559,"(111, 194)",6,True,-1
560,560,"(111, 28)",4,True,-1
561,561,"(111, 28)",2,True,-1
562,562,"(111, 28)",3,True,-1
563,563,"(111, 194)",5,True,-1
564,564,"(42, 153)",6,True,-1
565,565,"(111, 194)",2,True,-1
566,566,"(180, 70)",5,True,-1
567,567,"(180, 70)",5,True,-1
568,568,"(111, 28)",4,True,-1
569,569,"(180, 70)",5,True,-1
570,570,"(111, 194)",1,True,-1
571,571,"(111, 194)",5,True,-1
572,572,"(111, 28)",2,True,-1
573,573,"(111, 194)",5,True,-1
574,574,"(111, 28)",5,True,-1
575,575,"(111, 194)",5,True,-1
576,576,"(42, 153)",3,True,-1
577,577,"(111, 194)",5,True,-1
578,578,"(111, 28)",3,True,-1
579,579,"(42, 70)",6,True,-1
580,580,"(180, 70)",5,True,-1
581,581,"(111, 28)",5,True,-1
582,582,"(180, 70)",5,True,-1
583,583,"(111, 194)",1,True,-1
584,584,"(180, 70)",5,True,-1
585,585,"(42, 70)",6,True,-1
586,586,"(180, 153)",3,True,-1
587,587,"(180, 70)",4,True,-1
588,588,"(111, 194)",2,True,-1
589,589,"(180, 153)",5,True,-1
590,590,"(180, 153)",4,True,-1
591,591,"(180, 153)",5,True,-1
592,592,"(42, 153)",5,True,-1
593,593,"(111, 194)",5,True,-1
594,594,"(42, 153)",3,True,-1
595,595,"(111, 28)",4,True,-1
596,596,"(42, 153)",2,True,-1
597,597,"(180, 70)",6,True,-1
598,598,"(180, 153)",6,True,-1
599,599,"(42, 153)",4,True,-1
600,600,"(42, 153)",5,True,-1
601,601,"(42, 153)",6,True,-1
602,602,"(180, 153)",5,True,-1
603,603,"(111, 28)",4,True,-1
604,604,"(42, 153)",6,True,-1
605,605,"(111, 28)",4,True,-1
606,606,"(42, 153)",4,True,-1
607,607,"(180, 153)",6,True,-1
608,608,"(111, 194)",4,True,-1
609,609,"(42, 70)",5,True,-1
610,610,"(111, 194)",2,True,-1
611,611,"(111, 28)",3,True,-1
612,612,"(111, 28)",4,True,-1
613,613,"(42, 70)",5,True,-1
614,614,"(180, 153)",3,True,-1
615,615,"(180, 153)",3,True,-1
616,616,"(180, 153)",5,True,-1
617,617,"(111, 194)",6,True,-1
618,618,"(180, 70)",5,True,-1
619,619,"(180, 153)",6,True,-1
620,620,"(180, 153)",5,True,-1
621,621,"(180, 153)",6,True,-1
622,622,"(180, 153)",4,True,-1
623,623,"(180, 70)",4,True,-1
624,624,"(180, 70)",6,True,-1
625,625,"(42, 70)",5,True,-1
626,626,"(42, 70)",4,True,-1
627,627,"(111, 194)",5,True,-1
628,628,"(42, 70)",5,True,-1
629,629,"(111, 194)",2,True,-1
630,630,"(42, 70)",5,True,-1
631,631,"(180, 153)",4,True,-1
632,632,"(111, 194)",1,True,-1
633,633,"(180, 70)",5,True,-1
634,634,"(180, 153)",6,True,-1
635,635,"(180, 70)",5,True,-1
636,636,"(42, 153)",3,True,-1
637,637,"(111, 194)",2,True,-1
638,638,"(42, 70)",3,True,-1
639,639,"(111, 194)",2,True,-1
640,640,"(180, 70)",5,True,-1
641,641,"(111, 28)",5,True,-1
642,642,"(111, 194)",5,True,-1
643,643,"(42, 70)",4,True,-1
644,644,"(111, 28)",3,True,-1
645,645,"(180, 70)",5,True,-1
646,646,"(180, 70)",5,True,-1
647,647,"(111, 28)",5,True,-1
648,648,"(180, 70)",4,True,-1
649,649,"(111, 28)",4,True,-1
650,650,"(180, 153)",6,True,-1
651,651,"(111, 28)",4,True,-1
652,652,"(42, 70)",5,True,-1
653,653,"(111, 28)",6,True,-1
654,654,"(111, 28)",6,True,-1
655,655,"(180, 70)",5,True,-1
656,656,"(180, 70)",5,True,-1
657,657,"(111, 194)",6,True,-1
658,658,"(42, 70)",4,True,-1
659,659,"(180, 153)",6,True,-1
660,660,"(111, 28)",5,True,-1
661,661,"(42, 153)",5,True,-1
662,662,"(111, 28)",4,True,-1
663,663,"(42, 70)",5,True,-1
664,664,"(180, 70)",6,True,-1
665,665,"(42, 153)",4,True,-1
666,666,"(180, 153)",4,True,-1
667,667,"(180, 70)",4,True,-1
668,668,"(180, 153)",4,True,-1
669,669,"(42, 70)",5,True,-1
670,670,"(42, 153)",5,True,-1
671,671,"(111, 28)",6,True,-1
672,672,"(111, 194)",1,True,-1
673,673,"(42, 70)",6,True,-1
674,674,"(180, 70)",5,True,-1
675,675,"(180, 70)",5,True,-1
676,676,"(111, 28)",6,True,-1
677,677,"(42, 70)",5,True,-1
678,678,"(180, 70)",5,True,-1
679,679,"(111, 194)",2,True,-1
680,680,"(180, 70)",5,True,-1
681,681,"(42, 153)",4,True,-1
682,682,"(42, 153)",3,True,-1
683,683,"(42, 70)",5,True,-1
684,684,"(42, 153)",4,True,-1
685,685,"(180, 153)",6,True,-1
686,686,"(111, 194)",2,True,-1
687,687,"(111, 28)",3,True,-1
688,688,"(111, 28)",5,True,-1
689,689,"(111, 28)",6,True,-1
690,690,"(42, 70)",5,True,-1
691,691,"(42, 70)",4,True,-1
692,692,"(42, 153)",4,True,-1
693,693,"(42, 70)",5,True,-1
694,694,"(111, 28)",3,True,-1
695,695,"(42, 70)",5,True,-1
696,696,"(180, 70)",5,True,-1
697,697,"(42, 70)",5,True,-1
698,698,"(42, 70)",5,True,-1
699,699,"(42, 70)",6,True,-1
700,700,"(42, 153)",5,True,-1
701,701,"(111, 28)",5,True,-1
702,702,"(111, 28)",5,True,-1
703,703,"(180, 70)",6,True,-1
704,704,"(180, 70)",4,True,-1
705,705,"(42, 70)",4,True,-1
706,706,"(180, 153)",4,True,-1
707,707,"(180, 70)",4,True,-1
708,708,"(42, 70)",4,True,-1
709,709,"(42, 70)",5,True,-1
710,710,"(42, 153)",3,True,-1
711,711,"(42, 153)",6,True,-1
712,712,"(111, 28)",3,True,-1
713,713,"(180, 70)",5,True,-1
714,714,"(180, 70)",4,True,-1
715,715,"(180, 70)",5,True,-1
716,716,"(42, 70)",6,True,-1
717,717,"(42, 70)",5,True,-1
718,718,"(180, 70)",6,True,-1
719,719,"(180, 70)",5,True,-1
720,720,"(180, 70)",5,True,-1
721,721,"(111, 28)",5,True,2
722,722,"(180, 70)",4,True,1
723,723,"(111, 194)",1,True,-2
724,724,"(180, 153)",6,True,1
725,725,"(111, 28)",4,True,1
726,726,"(111, 28)",3,True,1
727,727,"(180, 153)",5,True,1
728,728,"(111, 194)",1,True,-2
729,729,"(111, 28)",5,True,3
730,730,"(111, 194)",2,True,1
731,731,"(180, 153)",4,True,1
732,732,"(111, 194)",1,True,-2
733,733,"(111, 28)",5,True,2
734,734,"(111, 28)",4,True,1
735,735,"(42, 153)",5,True,2
736,736,"(111, 194)",2,True,1
737,737,"(111, 194)",2,True,-2
738,738,"(42, 70)",5,True,1
739,739,"(111, 28)",2,True,-2
740,740,"(42, 153)",3,True,2
741,741,"(180, 70)",4,True,3
742,742,"(111, 28)",5,True,2
743,743,"(180, 153)",4,True,-2
744,744,"(42, 153)",3,True,2
745,745,"(111, 194)",5,True,1
746,746,"(111, 28)",4,True,2
747,747,"(42, 70)",3,True,-2
748,748,"(180, 153)",5,True,1
749,749,"(180, 153)",4,True,2
750,750,"(42, 153)",6,True,2
751,751,"(180, 153)",6,True,4
752,752,"(111, 194)",1,True,-2
753,753,"(111, 28)",4,True,2
754,754,"(111, 28)",4,True,1
755,755,"(111, 194)",2,True,-2
756,756,"(180, 70)",6,True,2
757,757,"(42, 70)",3,True,-2
758,758,"(111, 28)",4,True,1
759,759,"(180, 70)",5,True,4
760,760,"(111, 28)",5,True,2
761,761,"(111, 194)",2,True,1
762,762,"(180, 153)",5,True,2
763,763,"(42, 153)",4,True,3
764,764,"(180, 153)",6,True,2
765,765,"(42, 70)",5,True,3
766,766,"(42, 153)",6,True,2
767,767,"(111, 28)",6,True,1
768,768,"(180, 153)",5,True,1
769,769,"(180, 70)",5,True,1
770,770,"(111, 194)",5,True,2
771,771,"(42, 153)",5,True,1
772,772,"(111, 194)",2,True,-2
773,773,"(180, 153)",4,True,1
774,774,"(111, 194)",5,True,2
775,775,"(111, 28)",2,True,-2
776,776,"(180, 70)",4,True,3
777,777,"(42, 70)",2,True,-2
778,778,"(42, 70)",5,True,4
779,779,"(111, 28)",4,True,1
780,780,"(111, 194)",5,True,2
781,781,"(180, 70)",5,True,2
782,782,"(180, 153)",6,True,1
783,783,"(180, 153)",3,True,2
784,784,"(42, 70)",4,True,1
785,785,"(42, 70)",4,True,3
786,786,"(111, 28)",4,True,-2
787,787,"(111, 28)",5,True,1
788,788,"(42, 153)",5,True,2
789,789,"(111, 28)",4,True,2
790,790,"(42, 70)",5,True,3
791,791,"(111, 28)",6,True,3
792,792,"(111, 194)",2,True,-2
793,793,"(42, 153)",4,True,2
794,794,"(42, 70)",6,True,4
795,795,"(180, 153)",6,True,1
796,796,"(111, 194)",4,True,1
797,797,"(111, 28)",3,True,1
798,798,"(42, 153)",4,True,1
799,799,"(111, 28)",3,True,2
800,800,"(42, 70)",4,True,1
801,801,"(111, 194)",2,True,-2
802,802,"(42, 153)",5,True,2
803,803,"(180, 153)",2,True,-2
804,804,"(111, 28)",4,True,2
805,805,"(111, 28)",5,True,2
806,806,"(42, 153)",2,True,1
807,807,"(180, 70)",5,True,1
808,808,"(180, 70)",5,True,1
809,809,"(180, 153)",3,True,1
810,810,"(111, 194)",2,True,-2
811,811,"(180, 153)",3,True,-2
812,812,"(111, 194)",3,True,-2
813,813,"(180, 70)",6,True,3
814,814,"(111, 194)",3,True,-2
815,815,"(180, 70)",6,True,2
816,816,"(42, 70)",6,True,1
817,817,"(42, 70)",4,True,3
818,818,"(180, 70)",4,True,1
819,819,"(42, 153)",5,True,1
820,820,"(42, 70)",5,True,4
821,821,"(180, 153)",3,True,1
822,822,"(180, 70)",5,True,3
823,823,"(180, 70)",4,True,2
824,824,"(42, 153)",4,True,3
825,825,"(42, 70)",5,True,1
826,826,"(42, 153)",6,True,1
827,827,"(111, 28)",3,True,1
828,828,"(111, 28)",4,True,2
829,829,"(111, 28)",5,True,2
830,830,"(180, 153)",4,True,1
831,831,"(111, 194)",5,True,2
832,832,"(111, 28)",5,True,3
833,833,"(42, 153)",2,True,-2
834,834,"(111, 28)",3,True,1
835,835,"(42, 70)",4,True,1
836,836,"(42, 153)",6,True,1
837,837,"(180, 70)",5,True,4
838,838,"(180, 70)",5,True,1
839,839,"(111, 194)",4,True,-2
840,840,"(111, 28)",2,True,1
841,841,"(180, 153)",4,True,1
842,842,"(180, 70)",5,True,1
843,843,"(42, 153)",6,True,1
844,844,"(42, 153)",4,True,1
845,845,"(42, 153)",5,True,1
846,846,"(111, 28)",4,True,3
847,847,"(111, 194)",4,True,1
848,848,"(42, 153)",5,True,1
849,849,"(42, 153)",5,True,1
850,850,"(42, 153)",6,True,1
851,851,"(111, 28)",4,True,1
852,852,"(180, 70)",4,True,1
853,853,"(42, 153)",6,True,3
854,854,"(180, 153)",6,True,2
855,855,"(180, 153)",5,True,1
856,856,"(180, 153)",4,True,1
857,857,"(180, 153)",2,True,1
858,858,"(111, 28)",4,True,3
859,859,"(180, 153)",6,True,1
860,860,"(111, 194)",3,True,2
861,861,"(180, 153)",4,True,1
862,862,"(111, 28)",3,True,2
863,863,"(111, 194)",5,True,1
864,864,"(111, 28)",4,True,2
865,865,"(111, 194)",2,True,1
866,866,"(111, 194)",1,True,-2
867,867,"(111, 194)",5,True,4
868,868,"(42, 70)",4,True,2
869,869,"(42, 153)",6,True,5
870,870,"(42, 153)",4,True,1
871,871,"(111, 28)",4,True,3
872,872,"(111, 194)",2,True,-2
873,873,"(111, 28)",4,True,2
874,874,"(180, 70)",4,True,2
875,875,"(42, 153)",5,True,1
876,876,"(42, 153)",3,True,1
877,877,"(42, 153)",5,True,2
878,878,"(42, 70)",5,True,4
879,879,"(111, 28)",5,True,2
880,880,"(42, 153)",4,True,1
881,881,"(180, 153)",5,True,1
882,882,"(180, 153)",4,True,1
883,883,"(180, 70)",5,True,1
884,884,"(180, 153)",4,True,2
885,885,"(42, 153)",3,True,1
886,886,"(111, 194)",4,True,1
887,887,"(180, 153)",6,True,3
888,888,"(111, 194)",5,True,1
889,889,"(42, 153)",6,True,3
890,890,"(111, 28)",3,True,1
891,891,"(180, 70)",4,True,2
892,892,"(42, 70)",5,True,-2
893,893,"(42, 153)",5,True,1
894,894,"(111, 28)",5,True,2
895,895,"(111, 28)",4,True,1
896,896,"(42, 153)",4,True,2
897,897,"(42, 70)",5,True,1
898,898,"(111, 194)",4,True,2
899,899,"(111, 28)",3,True,-2
900,900,"(180, 153)",6,True,3
901,901,"(180, 70)",5,True,2
902,902,"(180, 70)",4,True,1
903,903,"(180, 70)",5,True,2
904,904,"(111, 194)",1,True,-2
905,905,"(111, 194)",2,True,1
906,906,"(180, 153)",6,True,1
907,907,"(180, 70)",4,True,1
908,908,"(111, 194)",3,True,1
909,909,"(42, 153)",6,True,2
910,910,"(180, 153)",5,True,3
911,911,"(180, 153)",4,True,2
912,912,"(111, 28)",4,True,1
913,913,"(111, 194)",5,True,1
914,914,"(42, 153)",5,True,4
915,915,"(42, 153)",4,True,3
916,916,"(180, 70)",4,True,2
917,917,"(180, 153)",6,True,3
918,918,"(180, 70)",5,True,2
919,919,"(42, 70)",5,True,-2
920,920,"(111, 194)",2,True,-2
921,921,"(111, 194)",5,True,1
922,922,"(180, 153)",5,True,1
923,923,"(42, 153)",4,True,3
924,924,"(111, 28)",3,True,2
925,925,"(42, 70)",4,True,-2
926,926,"(180, 153)",6,True,5
927,927,"(111, 194)",4,True,1
928,928,"(42, 70)",5,True,3
929,929,"(111, 28)",3,True,1
930,930,"(42, 153)",5,True,2
931,931,"(180, 153)",5,True,-2
932,932,"(42, 153)",5,True,1
933,933,"(42, 70)",4,True,3
934,934,"(180, 70)",3,True,-2
935,935,"(180, 70)",5,True,1
936,936,"(42, 70)",4,True,3
937,937,"(180, 153)",6,True,3
938,938,"(111, 28)",3,True,1
939,939,"(180, 153)",5,True,1
940,940,"(111, 28)",3,True,2
941,941,"(180, 70)",5,True,2
942,942,"(180, 70)",4,True,3
943,943,"(180, 153)",4,True,3
944,944,"(111, 28)",3,True,-2
945,945,"(111, 28)",5,True,2
946,946,"(111, 194)",2,True,1
947,947,"(111, 28)",5,True,-2
948,948,"(180, 153)",6,True,1
949,949,"(180, 153)",3,True,2
950,950,"(111, 194)",5,True,1
951,951,"(180, 70)",5,True,1
952,952,"(42, 153)",5,True,3
953,953,"(180, 70)",5,True,4
954,954,"(111, 28)",4,True,-2
955,955,"(180, 153)",5,True,1
956,956,"(180, 70)",3,True,-2
957,957,"(180, 153)",6,True,3
958,958,"(42, 70)",6,True,3
959,959,"(180, 70)",5,True,2
960,960,"(111, 28)",5,True,1
961,961,"(42, 153)",3,True,-2
962,962,"(180, 70)",4,True,1
963,963,"(180, 70)",5,True,2
964,964,"(180, 70)",6,True,2
965,965,"(42, 70)",6,True,1
966,966,"(42, 70)",5,True,2
967,967,"(111, 194)",4,True,1
968,968,"(42, 70)",4,True,3
969,969,"(180, 153)",5,True,1
970,970,"(180, 70)",4,True,2
971,971,"(42, 153)",3,True,-2
972,972,"(180, 153)",5,True,4
973,973,"(111, 194)",4,True,2
974,974,"(111, 194)",5,True,4
975,975,"(180, 70)",4,True,3
976,976,"(180, 153)",6,True,5
977,977,"(42, 70)",4,True,1
978,978,"(180, 70)",5,True,3
979,979,"(180, 70)",4,True,1
980,980,"(111, 194)",4,True,1
981,981,"(111, 194)",5,True,1
982,982,"(42, 153)",5,True,4
983,983,"(180, 70)",4,True,2
984,984,"(180, 70)",5,True,4
985,985,"(111, 28)",5,True,2
986,986,"(111, 194)",4,True,2
987,987,"(180, 70)",4,True,1
988,988,"(111, 28)",3,True,1
989,989,"(42, 70)",4,True,3
990,990,"(111, 28)",5,True,3
991,991,"(111, 28)",5,True,3
992,992,"(42, 70)",4,True,2
993,993,"(111, 28)",4,True,2
994,994,"(111, 194)",3,True,-2
995,995,"(111, 28)",3,True,-2
996,996,"(111, 194)",1,True,-2
997,997,"(180, 153)",5,True,3
998,998,"(111, 194)",2,True,-2
999,999,"(111, 194)",5,True,1
1000,1000,"(42, 153)",4,True,1
1001,1001,"(42, 153)",6,True,1
1002,1002,"(42, 153)",4,True,1
1003,1003,"(42, 70)",4,True,3
1004,1004,"(111, 194)",4,True,1
1005,1005,"(42, 153)",4,True,1
1006,1006,"(111, 28)",3,True,1
1007,1007,"(42, 153)",3,True,2
1008,1008,"(180, 153)",3,True,2
1009,1009,"(42, 70)",5,True,3
1010,1010,"(42, 153)",5,True,2
1011,1011,"(42, 70)",5,True,2
1012,1012,"(111, 194)",4,True,3
1013,1013,"(42, 70)",4,True,2
1014,1014,"(42, 153)",6,True,2
1015,1015,"(42, 153)",4,True,3
1016,1016,"(111, 194)",5,True,2
1017,1017,"(42, 153)",5,True,4
1018,1018,"(42, 70)",5,True,1
1019,1019,"(180, 153)",4,True,2
1020,1020,"(42, 70)",6,True,2
1021,1021,"(180, 153)",4,True,1
1022,1022,"(111, 194)",1,True,-2
1023,1023,"(42, 70)",6,True,2
1024,1024,"(111, 194)",4,True,1
1025,1025,"(180, 153)",5,True,1
1026,1026,"(42, 153)",3,True,-2
1027,1027,"(42, 70)",4,True,1
1028,1028,"(42, 70)",4,True,1
1029,1029,"(42, 153)",4,True,1
1030,1030,"(111, 194)",1,True,-2
1031,1031,"(180, 153)",5,True,1
1032,1032,"(42, 70)",4,True,3
1033,1033,"(42, 70)",6,True,2
1034,1034,"(111, 28)",4,True,3
1035,1035,"(42, 153)",4,True,1
1036,1036,"(180, 153)",5,True,2
1037,1037,"(111, 194)",3,True,1
1038,1038,"(111, 28)",5,True,1
1039,1039,"(180, 153)",5,True,3
1040,1040,"(42, 153)",5,True,4
1041,1041,"(42, 70)",5,True,2
1042,1042,"(42, 153)",1,True,-2
1043,1043,"(180, 70)",5,True,2
1044,1044,"(42, 153)",4,True,3
1045,1045,"(111, 194)",3,True,1
1046,1046,"(180, 153)",5,True,1
1047,1047,"(180, 70)",5,True,1
1048,1048,"(111, 194)",1,True,-2
1049,1049,"(111, 28)",4,True,2
1050,1050,"(180, 70)",5,True,4
1051,1051,"(180, 70)",4,True,-2
1052,1052,"(180, 153)",5,True,2
1053,1053,"(42, 70)",5,True,4
1054,1054,"(42, 70)",4,True,3
1055,1055,"(111, 28)",4,True,2
1056,1056,"(180, 70)",5,True,2
1057,1057,"(180, 153)",4,True,1
1058,1058,"(180, 70)",5,True,1
1059,1059,"(42, 153)",3,True,1
1060,1060,"(42, 70)",4,True,1
1061,1061,"(111, 28)",5,True,2
1062,1062,"(180, 70)",4,True,1
1063,1063,"(42, 70)",6,True,4
1064,1064,"(42, 153)",3,True,1
1065,1065,"(180, 70)",4,True,-2
1066,1066,"(111, 28)",4,True,2
1067,1067,"(180, 153)",5,True,3
1068,1068,"(180, 153)",5,True,3
1069,1069,"(180, 70)",4,True,1
1070,1070,"(42, 153)",5,True,2
1071,1071,"(111, 28)",5,True,2
1072,1072,"(42, 153)",6,True,1
1073,1073,"(42, 70)",5,True,1
1074,1074,"(111, 28)",4,True,-2
1075,1075,"(180, 70)",5,True,1
1076,1076,"(42, 70)",4,True,1
1077,1077,"(42, 70)",5,True,1
1078,1078,"(42, 70)",3,True,-2
1079,1079,"(42, 70)",4,True,2
1080,1080,"(42, 153)",4,True,3
1081,1081,"(180, 153)",3,True,-2
1082,1082,"(111, 28)",5,True,2
1083,1083,"(42, 153)",3,True,2
1084,1084,"(180, 153)",3,True,-2
1085,1085,"(42, 70)",5,True,4
1086,1086,"(111, 194)",2,True,1
1087,1087,"(42, 153)",6,True,3
1088,1088,"(42, 70)",6,True,4
1089,1089,"(111, 194)",6,True,1
1090,1090,"(42, 153)",6,True,4
1091,1091,"(42, 153)",5,True,4
1092,1092,"(42, 70)",3,True,-2
1093,1093,"(42, 70)",4,True,-2
1094,1094,"(111, 28)",2,True,-2
1095,1095,"(42, 153)",2,True,-2
1096,1096,"(180, 70)",6,True,5
1097,1097,"(180, 70)",4,True,1
1098,1098,"(111, 28)",5,True,3
1099,1099,"(180, 153)",3,True,1
1100,1100,"(42, 153)",5,True,2
1101,1101,"(42, 70)",4,True,1
1102,1102,"(180, 153)",6,True,2
1103,1103,"(42, 70)",4,True,3
1104,1104,"(42, 153)",5,True,1
1105,1105,"(111, 194)",4,True,1
1106,1106,"(180, 153)",6,True,1
1107,1107,"(180, 70)",5,True,1
1108,1108,"(111, 194)",2,True,-2
1109,1109,"(111, 194)",2,True,1
1110,1110,"(111, 28)",5,True,2
1111,1111,"(111, 28)",4,True,3
1112,1112,"(42, 70)",4,True,2
1113,1113,"(42, 70)",3,True,-2
1114,1114,"(42, 153)",4,True,1
1115,1115,"(111, 28)",4,True,2
1116,1116,"(111, 28)",3,True,1
1117,1117,"(180, 70)",5,True,1
1118,1118,"(42, 153)",5,True,4
1119,1119,"(180, 70)",5,True,1
1120,1120,"(111, 28)",4,True,3
1121,1121,"(42, 70)",5,True,1
1122,1122,"(180, 153)",6,True,1
1123,1123,"(180, 153)",5,True,2
1124,1124,"(180, 70)",4,True,3
1125,1125,"(42, 153)",5,True,1
1126,1126,"(180, 70)",4,True,3
1127,1127,"(111, 194)",4,True,3
1128,1128,"(111, 194)",6,True,3
1129,1129,"(111, 194)",5,True,-2
1130,1130,"(180, 70)",4,True,3
1131,1131,"(111, 28)",5,True,1
1132,1132,"(180, 153)",5,True,1
1133,1133,"(111, 28)",3,True,1
1134,1134,"(111, 28)",4,True,3
1135,1135,"(180, 153)",6,True,1
1136,1136,"(111, 28)",4,True,1
1137,1137,"(180, 70)",5,True,2
1138,1138,"(180, 153)",4,True,1
1139,1139,"(42, 153)",5,True,1
1140,1140,"(42, 153)",6,True,5
1141,1141,"(42, 70)",5,True,3
1142,1142,"(180, 70)",5,True,2
1143,1143,"(42, 153)",5,True,-2
1144,1144,"(42, 70)",6,True,2
1145,1145,"(111, 194)",4,True,1
1146,1146,"(111, 28)",4,True,1
1147,1147,"(42, 153)",4,True,2
1148,1148,"(42, 70)",6,True,4
1149,1149,"(111, 194)",4,True,1
1150,1150,"(180, 153)",5,True,2
1151,1151,"(111, 194)",5,True,2
1152,1152,"(42, 70)",5,True,2
1153,1153,"(42, 70)",4,True,1
1154,1154,"(111, 194)",5,True,1
1155,1155,"(180, 70)",5,True,4
1156,1156,"(42, 153)",2,True,1
1157,1157,"(42, 70)",5,True,3
1158,1158,"(111, 28)",4,True,2
1159,1159,"(111, 28)",5,True,3
1160,1160,"(111, 194)",2,True,-2
1161,1161,"(180, 153)",6,True,1
1162,1162,"(42, 70)",4,True,2
1163,1163,"(111, 28)",3,True,-2
1164,1164,"(180, 153)",5,True,3
1165,1165,"(42, 70)",5,True,3
1166,1166,"(111, 28)",3,True,-2
1167,1167,"(42, 153)",3,True,2
1168,1168,"(180, 70)",5,True,1
1169,1169,"(42, 70)",4,True,1
1170,1170,"(180, 153)",3,True,-2
1171,1171,"(180, 153)",5,True,1
1172,1172,"(42, 153)",2,True,-2
1173,1173,"(111, 28)",4,True,1
1174,1174,"(180, 153)",4,True,2
1175,1175,"(42, 70)",5,True,-2
1176,1176,"(180, 70)",4,True,3
1177,1177,"(180, 70)",4,True,1
1178,1178,"(42, 153)",3,True,-2
1179,1179,"(42, 70)",4,True,-2
1180,1180,"(42, 153)",5,True,4
1181,1181,"(180, 70)",4,True,1
1182,1182,"(42, 153)",4,True,-2
1183,1183,"(42, 153)",5,True,1
1184,1184,"(111, 28)",4,True,2
1185,1185,"(180, 70)",4,True,2
1186,1186,"(180, 153)",5,True,2
1187,1187,"(42, 70)",4,True,1
1188,1188,"(111, 28)",4,True,1
1189,1189,"(111, 28)",4,True,1
1190,1190,"(42, 153)",6,True,4
1191,1191,"(111, 194)",4,True,1
1192,1192,"(180, 70)",6,True,3
1193,1193,"(180, 153)",6,True,1
1194,1194,"(111, 28)",5,True,3
1195,1195,"(180, 70)",5,True,2
1196,1196,"(42, 153)",3,True,1
1197,1197,"(42, 153)",4,True,3
1198,1198,"(180, 70)",4,True,2
1199,1199,"(111, 28)",4,True,1
1200,1200,"(180, 153)",5,True,1
1201,1201,"(180, 70)",4,True,1
1202,1202,"(180, 70)",5,True,3
1203,1203,"(111, 28)",3,True,-2
1204,1204,"(180, 70)",5,True,2
1205,1205,"(180, 153)",6,True,4
1206,1206,"(111, 28)",4,True,-2
1207,1207,"(180, 70)",4,True,1
1208,1208,"(42, 70)",5,True,3
1209,1209,"(111, 194)",4,True,1
1210,1210,"(42, 153)",6,True,3
1211,1211,"(180, 70)",5,True,3
1212,1212,"(180, 70)",4,True,2
1213,1213,"(111, 28)",4,True,1
1214,1214,"(180, 153)",5,True,1
1215,1215,"(180, 153)",4,True,3
1216,1216,"(42, 153)",5,True,2
1217,1217,"(180, 153)",5,True,2
1218,1218,"(180, 70)",4,True,-2
1219,1219,"(180, 70)",4,True,3
1220,1220,"(42, 70)",5,True,2
1221,1221,"(42, 153)",3,True,1
1222,1222,"(111, 28)",6,True,2
1223,1223,"(180, 70)",3,True,-2
1224,1224,"(111, 194)",5,True,1
1225,1225,"(111, 28)",4,True,1
1226,1226,"(42, 153)",4,True,2
1227,1227,"(180, 153)",4,True,2
1228,1228,"(42, 70)",4,True,1
1229,1229,"(111, 194)",2,True,1
1230,1230,"(111, 28)",4,True,1
1231,1231,"(42, 153)",6,True,3
1232,1232,"(42, 70)",5,True,1
1233,1233,"(180, 153)",4,True,1
1234,1234,"(111, 28)",5,True,3
1235,1235,"(111, 28)",2,True,-2
1236,1236,"(42, 70)",6,True,4
1237,1237,"(180, 153)",5,True,1
1238,1238,"(42, 70)",5,True,3
1239,1239,"(42, 70)",5,True,4
1240,1240,"(180, 70)",5,True,3
1241,1241,"(111, 28)",6,True,3
1242,1242,"(111, 194)",5,True,1
1243,1243,"(180, 70)",5,True,-2
1244,1244,"(111, 194)",5,True,2
1245,1245,"(180, 70)",3,True,-2
1246,1246,"(111, 194)",3,True,-2
1247,1247,"(180, 70)",4,True,3
1248,1248,"(111, 194)",2,True,-2
1249,1249,"(180, 70)",6,True,3
1250,1250,"(111, 28)",1,True,-2
1251,1251,"(111, 28)",2,True,-2
1252,1252,"(180, 153)",5,True,1
1253,1253,"(42, 70)",3,True,-2
1254,1254,"(111, 28)",5,True,2
1255,1255,"(180, 70)",5,True,3
1256,1256,"(111, 194)",6,True,2
1257,1257,"(111, 28)",4,True,1
1258,1258,"(111, 194)",4,True,1
1259,1259,"(111, 28)",4,True,2
1260,1260,"(42, 153)",3,True,-2
1261,1261,"(180, 70)",6,True,1
1262,1262,"(180, 153)",5,True,1
1263,1263,"(111, 28)",5,True,4
1264,1264,"(42, 153)",6,True,5
1265,1265,"(180, 70)",5,True,1
1266,1266,"(111, 28)",2,True,-2
1267,1267,"(111, 28)",5,True,2
1268,1268,"(111, 28)",5,True,3
1269,1269,"(180, 70)",5,True,3
1270,1270,"(111, 28)",5,True,2
1271,1271,"(42, 153)",4,True,3
1272,1272,"(42, 70)",5,True,3
1273,1273,"(111, 194)",5,True,2
1274,1274,"(111, 28)",4,True,3
1275,1275,"(180, 70)",5,True,4
1276,1276,"(111, 28)",3,True,-2
1277,1277,"(42, 153)",4,True,1
1278,1278,"(111, 194)",3,True,2
1279,1279,"(111, 28)",4,True,3
1280,1280,"(42, 70)",4,True,1
1281,1281,"(42, 70)",4,True,3
1282,1282,"(111, 194)",3,True,2
1283,1283,"(111, 194)",6,True,1
1284,1284,"(42, 70)",6,True,3
1285,1285,"(42, 153)",5,True,1
1286,1286,"(111, 194)",1,True,-2
1287,1287,"(180, 70)",5,True,1
1288,1288,"(42, 70)",4,True,2
1289,1289,"(180, 153)",4,True,-2
1290,1290,"(42, 153)",3,True,2
1291,1291,"(42, 70)",4,True,2
1292,1292,"(111, 28)",3,True,1
1293,1293,"(111, 194)",5,True,1
1294,1294,"(180, 153)",6,True,3
1295,1295,"(42, 70)",5,True,-2
1296,1296,"(180, 153)",6,True,1
1297,1297,"(180, 70)",4,True,2
1298,1298,"(180, 70)",5,True,4
1299,1299,"(42, 70)",5,True,2
1300,1300,"(180, 153)",6,True,1
1301,1301,"(42, 70)",5,True,1
1302,1302,"(111, 194)",2,True,-2
1303,1303,"(180, 70)",5,True,1
1304,1304,"(111, 28)",4,True,2
1305,1305,"(180, 153)",2,True,1
1306,1306,"(111, 194)",3,True,1
1307,1307,"(111, 28)",4,True,3
1308,1308,"(180, 70)",5,True,1
1309,1309,"(180, 153)",6,True,4
1310,1310,"(180, 70)",4,True,1
1311,1311,"(111, 194)",5,True,1
1312,1312,"(111, 28)",3,True,2
1313,1313,"(42, 153)",5,True,4
1314,1314,"(180, 153)",6,True,2
1315,1315,"(42, 70)",5,True,2
1316,1316,"(42, 153)",5,True,4
1317,1317,"(180, 70)",5,True,3
1318,1318,"(111, 194)",3,True,2
1319,1319,"(111, 28)",4,True,1
1320,1320,"(42, 153)",6,True,2
1321,1321,"(111, 194)",5,True,1
1322,1322,"(180, 153)",5,True,1
1323,1323,"(111, 194)",2,True,1
1324,1324,"(180, 153)",5,True,2
1325,1325,"(42, 70)",5,True,3
1326,1326,"(42, 153)",3,True,1
1327,1327,"(42, 153)",6,True,2
1328,1328,"(111, 28)",4,True,2
1329,1329,"(42, 70)",4,True,2
1330,1330,"(111, 194)",5,True,1
1331,1331,"(180, 153)",4,True,2
1332,1332,"(42, 70)",6,True,5
1333,1333,"(42, 70)",6,True,1
1334,1334,"(42, 70)",5,True,1
1335,1335,"(111, 194)",4,True,1
1336,1336,"(111, 194)",4,True,-2
1337,1337,"(180, 153)",5,True,3
1338,1338,"(111, 28)",4,True,2
1339,1339,"(180, 70)",5,True,2
1340,1340,"(42, 153)",3,True,-2
1341,1341,"(180, 70)",4,True,1
1342,1342,"(111, 194)",3,True,1
1343,1343,"(180, 153)",6,True,5
1344,1344,"(42, 70)",4,True,2
1345,1345,"(111, 194)",5,True,1
1346,1346,"(111, 28)",4,True,2
1347,1347,"(111, 194)",1,True,-2
1348,1348,"(42, 153)",3,True,2
1349,1349,"(42, 70)",5,True,3
1350,1350,"(180, 70)",5,True,2
1351,1351,"(180, 70)",5,True,1
1352,1352,"(111, 28)",5,True,2
1353,1353,"(42, 70)",5,True,1
1354,1354,"(42, 70)",5,True,4
1355,1355,"(111, 28)",5,True,4
1356,1356,"(180, 153)",4,True,1
1357,1357,"(180, 153)",4,True,3
1358,1358,"(42, 153)",5,True,2
1359,1359,"(42, 70)",4,True,-2
1360,1360,"(111, 194)",4,True,2
1361,1361,"(111, 28)",5,True,3
1362,1362,"(180, 153)",4,True,1
1363,1363,"(180, 70)",6,True,1
1364,1364,"(42, 70)",5,True,2
1365,1365,"(42, 153)",6,True,1
1366,1366,"(111, 28)",4,True,3
1367,1367,"(180, 153)",4,True,-2
1368,1368,"(42, 70)",4,True,2
1369,1369,"(42, 153)",5,True,2
1370,1370,"(111, 194)",1,True,-2
1371,1371,"(180, 70)",5,True,4
1372,1372,"(180, 153)",6,True,4
1373,1373,"(111, 194)",6,True,1
1374,1374,"(111, 28)",3,True,1
1375,1375,"(111, 28)",4,True,1
1376,1376,"(180, 70)",5,True,1
1377,1377,"(180, 153)",4,True,-2
1378,1378,"(180, 153)",5,True,3
1379,1379,"(42, 153)",3,True,2
1380,1380,"(42, 153)",3,True,1
1381,1381,"(42, 70)",4,True,1
1382,1382,"(180, 153)",4,True,1
1383,1383,"(111, 28)",4,True,3
1384,1384,"(180, 153)",3,True,2
1385,1385,"(42, 153)",3,True,-2
1386,1386,"(111, 28)",4,True,2
1387,1387,"(111, 194)",5,True,2
1388,1388,"(42, 70)",5,True,4
1389,1389,"(180, 153)",5,True,2
1390,1390,"(180, 70)",4,True,-2
1391,1391,"(111, 28)",3,True,-2
1392,1392,"(180, 153)",6,True,1
1393,1393,"(42, 153)",2,True,-2
1394,1394,"(42, 153)",5,True,3
1395,1395,"(111, 194)",5,True,1
1396,1396,"(111, 28)",2,True,-2
1397,1397,"(180, 70)",6,True,2
1398,1398,"(180, 153)",6,True,4
1399,1399,"(111, 194)",3,True,1
1400,1400,"(42, 70)",6,True,3
1401,1401,"(180, 70)",5,True,4
1402,1402,"(111, 28)",4,True,-2
1403,1403,"(111, 28)",4,True,1
1404,1404,"(42, 70)",4,True,2
1405,1405,"(180, 70)",4,True,2
1406,1406,"(180, 70)",5,True,1
1407,1407,"(111, 28)",3,True,1
1408,1408,"(42, 70)",5,True,4
1409,1409,"(42, 153)",6,True,1
1410,1410,"(42, 153)",5,True,2
1411,1411,"(180, 153)",6,True,2
1412,1412,"(180, 70)",4,True,2
1413,1413,"(180, 70)",5,True,2
1414,1414,"(180, 153)",5,True,1
1415,1415,"(111, 194)",6,True,2
1416,1416,"(42, 70)",4,True,2
1417,1417,"(111, 28)",3,True,1
1418,1418,"(111, 194)",3,True,1
1419,1419,"(111, 194)",2,True,1
1420,1420,"(42, 153)",3,True,-2
1421,1421,"(42, 153)",4,True,1
1422,1422,"(180, 70)",4,True,3
1423,1423,"(180, 153)",3,True,2
1424,1424,"(42, 153)",5,True,3
1425,1425,"(111, 28)",2,True,-2
1426,1426,"(180, 70)",4,True,1
1427,1427,"(111, 194)",1,True,-2
1428,1428,"(42, 70)",5,True,3
1429,1429,"(180, 70)",4,True,1
1430,1430,"(42, 153)",5,True,2
1431,1431,"(42, 153)",5,True,2
1432,1432,"(111, 28)",4,True,-2
1433,1433,"(180, 153)",5,True,1
1434,1434,"(42, 70)",5,True,1
1435,1435,"(111, 28)",5,True,1
1436,1436,"(180, 153)",3,True,1
1437,1437,"(180, 153)",4,True,1
1438,1438,"(111, 28)",5,True,3
1439,1439,"(111, 194)",4,True,3
1440,1440,"(111, 194)",3,True,1
